paper,study,outcome,outcome_expectation,time_1,effect,label,effect_size_value,effect_size_lower,effect_size_upper,effect_size_var,condition_1,condition_2,time_2,max_time,cluster,group_1,group_2,yi,yi_lower,yi_upper
1,1,1,decrease,2,1,Allen & Baines (2002) - 1,-1.3467691705642,-2.94152606956995,0.247987728441543,0.662053059953635,1,2,2,2,1 - 1,1 - 2,2 - 2,-1.3467691705642,-2.94152606956995,0.247987728441543
1,1,2,decrease,2,2,Allen & Baines (2002) - 2,-0.401844480450433,-1.67024617123826,0.866557210337396,0.418810385400075,1,2,2,2,1 - 1,1 - 2,2 - 2,-0.401844480450433,-1.67024617123826,0.866557210337396
2,1,1,decrease,3,2,Amiot et al. (2018) - 2,-0.414563594460866,-1.11491925301953,0.285792064097795,0.127685358966442,1,2,3,3,2 - 1,1 - 3,2 - 3,-0.414563594460866,-1.11491925301953,0.285792064097795
3,1,1,decrease,2,1,Anderson (2017) - 1,-0.226425950440558,-0.338979090988545,-0.113872809892571,0.00329776005380316,1,2,2,2,3 - 1,1 - 2,2 - 2,-0.226425950440558,-0.338979090988545,-0.113872809892571
3,1,1,decrease,2,2,Anderson (2017) - 2,-0.136258884713999,-0.249937848586717,-0.0225799208412813,0.00336406230819355,1,3,2,2,3 - 1,1 - 2,3 - 2,-0.136258884713999,-0.249937848586717,-0.0225799208412813
4,3,1,decrease,1,1,Anderson & Feldman Barrett (2016) - 1,0.0695726309013681,-0.115850529569284,0.254995791372021,0.00895018013826133,1,2,2,1,4 - 3,1 - 1,2 - 2,0.0695726309013681,-0.115850529569284,0.254995791372021
4,3,1,decrease,1,2,Anderson & Feldman Barrett (2016) - 2,-0.758123480406877,-0.967323396994699,-0.548923563819055,0.0113927044758595,1,3,2,1,4 - 3,1 - 1,3 - 2,-0.758123480406877,-0.967323396994699,-0.548923563819055
5,1,1,increase,2,1,Bertolaso (2015) - 1,0.2608618200756,-0.00887007149027336,0.530593711641474,0.0189394958331371,1,2,2,2,5 - 1,1 - 2,2 - 2,-0.2608618200756,-0.530593711641474,0.00887007149027336
5,1,1,increase,2,2,Bertolaso (2015) - 2,-0.0197302751768648,-0.287076539738967,0.247615989385237,0.018605958962849,1,3,2,2,5 - 1,1 - 2,3 - 2,0.0197302751768648,-0.247615989385237,0.287076539738967
5,1,1,increase,2,3,Bertolaso (2015) - 3,0.041341093455145,-0.237357610211566,0.320039797121856,0.0202196537958646,1,4,2,2,5 - 1,1 - 2,4 - 2,-0.041341093455145,-0.320039797121856,0.237357610211566
5,1,1,increase,2,4,Bertolaso (2015) - 4,0.154705153390294,-0.119747553364834,0.429157860145422,0.019608250865385,1,5,2,2,5 - 1,1 - 2,5 - 2,-0.154705153390294,-0.429157860145422,0.119747553364834
5,1,2,decrease,2,5,Bertolaso (2015) - 5,-0.314665445289022,-0.584914450061344,-0.0444164405166995,0.0190121846906155,1,2,2,2,5 - 1,1 - 2,2 - 2,-0.314665445289022,-0.584914450061344,-0.0444164405166995
5,1,2,decrease,2,6,Bertolaso (2015) - 6,-0.252086059233745,-0.5204854928108,0.0163133743433106,0.018752838259364,1,3,2,2,5 - 1,1 - 2,3 - 2,-0.252086059233745,-0.5204854928108,0.0163133743433106
5,1,2,decrease,2,7,Bertolaso (2015) - 7,-0.342124561406763,-0.622813391930878,-0.0614357308826472,0.0205094531162407,1,4,2,2,5 - 1,1 - 2,4 - 2,-0.342124561406763,-0.622813391930878,-0.0614357308826472
5,1,2,decrease,2,8,Bertolaso (2015) - 8,-0.136117003337663,-0.410477420761885,0.13824341408656,0.0195950658754145,1,5,2,2,5 - 1,1 - 2,5 - 2,-0.136117003337663,-0.410477420761885,0.13824341408656
7,1,1,decrease,3,3,Byrd-Bredbenner et al. (2010) - 3,-0.564156806934245,-1.0389382098962,-0.0893754039722899,0.058680150203404,1,2,3,3,7 - 1,1 - 3,2 - 3,-0.564156806934245,-1.0389382098962,-0.0893754039722899
7,1,2,increase,3,4,Byrd-Bredbenner et al. (2010) - 4,0.421759710393802,-0.0490050203614213,0.892524441149025,0.0576914766153845,1,2,3,3,7 - 1,1 - 3,2 - 3,-0.421759710393802,-0.892524441149025,0.0490050203614213
9,2,1,increase,2,1,Carfora et al. (2017a) - 1,0.404161970897056,0.141881893132207,0.666442048661905,0.0179074779669004,1,2,2,2,9 - 2,1 - 2,2 - 2,-0.404161970897056,-0.666442048661905,-0.141881893132207
9,2,2,increase,2,2,Carfora et al. (2017a) - 2,-0.00781198829843097,-0.267456510472468,0.251832533875607,0.0175493949152376,1,2,2,2,9 - 2,1 - 2,2 - 2,0.00781198829843097,-0.251832533875607,0.267456510472468
9,2,3,increase,2,3,Carfora et al. (2017a) - 3,0.634026080986165,0.367941092787294,0.900111069185036,0.0184308160648199,1,2,2,2,9 - 2,1 - 2,2 - 2,-0.634026080986165,-0.900111069185036,-0.367941092787294
9,2,4,decrease,2,4,Carfora et al. (2017a) - 4,-0.722921868207742,-0.990909578368757,-0.454934158046727,0.0186953488634214,1,2,2,2,9 - 2,1 - 2,2 - 2,-0.722921868207742,-0.990909578368757,-0.454934158046727
10,1,1,increase,2,1,Carfora et al. (2017b) - 1,0.511209670252516,0.134751895228734,0.887667445276298,0.0368923533977253,1,2,2,2,10 - 1,1 - 2,2 - 2,-0.511209670252516,-0.887667445276298,-0.134751895228734
10,1,2,increase,2,2,Carfora et al. (2017b) - 2,-0.0390239367987866,-0.409516630990207,0.331468757392634,0.0357324763472056,1,2,2,2,10 - 1,1 - 2,2 - 2,0.0390239367987866,-0.331468757392634,0.409516630990207
10,1,3,increase,2,3,Carfora et al. (2017b) - 3,0.617928847007823,0.238736325985161,0.997121368030486,0.0374303030986393,1,2,2,2,10 - 1,1 - 2,2 - 2,-0.617928847007823,-0.997121368030486,-0.238736325985161
10,1,4,decrease,2,4,Carfora et al. (2017b) - 4,-0.67966334366442,-1.06066300095348,-0.298663686375356,0.037787920066303,1,2,2,2,10 - 1,1 - 2,2 - 2,-0.67966334366442,-1.06066300095348,-0.298663686375356
11,1,1,decrease,2,1,Cooney (2014) - 1,0.0767177768872539,-0.286911804981691,0.440347358756199,0.034420900752046,1,2,2,2,11 - 1,1 - 2,2 - 2,0.0767177768872539,-0.286911804981691,0.440347358756199
11,1,1,decrease,2,2,Cooney (2014) - 2,0.15303697072142,-0.230245067930877,0.536319009373717,0.0382420137792642,1,3,2,2,11 - 1,1 - 2,3 - 2,0.15303697072142,-0.230245067930877,0.536319009373717
11,1,1,decrease,2,3,Cooney (2014) - 3,0.327817136969173,-0.081404803769357,0.737039077707702,0.0435934900251122,1,4,2,2,11 - 1,1 - 2,4 - 2,0.327817136969173,-0.081404803769357,0.737039077707702
11,1,1,decrease,2,4,Cooney (2014) - 4,0.283646216307645,-0.0790717447413619,0.646364177356652,0.0342485304173523,1,5,2,2,11 - 1,1 - 2,5 - 2,0.283646216307645,-0.0790717447413619,0.646364177356652
11,1,1,decrease,2,5,Cooney (2014) - 5,0.160589745943614,-0.221415010659593,0.542594502546821,0.0379875565192464,1,6,2,2,11 - 1,1 - 2,6 - 2,0.160589745943614,-0.221415010659593,0.542594502546821
11,1,1,decrease,2,6,Cooney (2014) - 6,0.437055637513038,0.0819374526742405,0.792173822351836,0.0328283943911744,1,7,2,2,11 - 1,1 - 2,7 - 2,0.437055637513038,0.0819374526742405,0.792173822351836
11,1,1,decrease,2,7,Cooney (2014) - 7,0.255644031515562,-0.107569121163262,0.618857184194386,0.0343421081512603,1,8,2,2,11 - 1,1 - 2,8 - 2,0.255644031515562,-0.107569121163262,0.618857184194386
11,1,2,decrease,2,8,Cooney (2014) - 8,0.201523515861959,-0.162839035038699,0.565886066762617,0.0345598051926653,1,2,2,2,11 - 1,1 - 2,2 - 2,0.201523515861959,-0.162839035038699,0.565886066762617
11,1,2,decrease,2,9,Cooney (2014) - 9,0.428575620069726,0.041559020025418,0.815592220114033,0.0389908770863229,1,3,2,2,11 - 1,1 - 2,3 - 2,0.428575620069726,0.041559020025418,0.815592220114033
11,1,2,decrease,2,10,Cooney (2014) - 10,0.0538500253198006,-0.352724729016804,0.460424779656405,0.043031316637672803,1,4,2,2,11 - 1,1 - 2,4 - 2,0.0538500253198006,-0.352724729016804,0.460424779656405
11,1,2,decrease,2,11,Cooney (2014) - 11,0.24752902433436,-0.114791885318846,0.609849933987566,0.0341735907371268,1,5,2,2,11 - 1,1 - 2,5 - 2,0.24752902433436,-0.114791885318846,0.609849933987566
11,1,2,decrease,2,12,Cooney (2014) - 12,0.115346986513626,-0.266367055014294,0.497061028041546,0.037929759578485,1,6,2,2,11 - 1,1 - 2,6 - 2,0.115346986513626,-0.266367055014294,0.497061028041546
11,1,2,decrease,2,13,Cooney (2014) - 13,0.359416610124548,0.00547806012241675,0.713355160126679,0.0326106573114261,1,7,2,2,11 - 1,1 - 2,7 - 2,0.359416610124548,0.00547806012241675,0.713355160126679
11,1,2,decrease,2,14,Cooney (2014) - 14,0.346114695389796,-0.0182301408987934,0.710459531678385,0.0345564448107691,1,8,2,2,11 - 1,1 - 2,8 - 2,0.346114695389796,-0.0182301408987934,0.710459531678385
11,1,3,decrease,2,15,Cooney (2014) - 15,0.105577744497749,-0.258162977896542,0.46931846689204,0.034441944923416797,1,2,2,2,11 - 1,1 - 2,2 - 2,0.105577744497749,-0.258162977896542,0.46931846689204
11,1,3,decrease,2,16,Cooney (2014) - 16,0.0741508206007643,-0.308711306655665,0.457012947857194,0.0381582662549099,1,3,2,2,11 - 1,1 - 2,3 - 2,0.0741508206007643,-0.308711306655665,0.457012947857194
11,1,3,decrease,2,17,Cooney (2014) - 17,-0.155671292743424,-0.562787537081981,0.251444951595133,0.0431460140901323,1,4,2,2,11 - 1,1 - 2,4 - 2,-0.155671292743424,-0.562787537081981,0.251444951595133
11,1,3,decrease,2,18,Cooney (2014) - 18,-0.104512192475565,-0.465789007911148,0.256764622960017,0.0339769195671586,1,5,2,2,11 - 1,1 - 2,5 - 2,-0.104512192475565,-0.465789007911148,0.256764622960017
11,1,3,decrease,2,19,Cooney (2014) - 19,-0.144339032093194,-0.526228422093327,0.23755035790694,0.0379646152677805,1,6,2,2,11 - 1,1 - 2,6 - 2,-0.144339032093194,-0.526228422093327,0.23755035790694
11,1,3,decrease,2,20,Cooney (2014) - 20,-0.0632619227641838,-0.414800403555097,0.288276558026729,0.0321698889002937,1,7,2,2,11 - 1,1 - 2,7 - 2,-0.0632619227641838,-0.414800403555097,0.288276558026729
11,1,3,decrease,2,21,Cooney (2014) - 21,-0.0515487093137711,-0.413454194290552,0.31035677566301,0.0340952711378051,1,8,2,2,11 - 1,1 - 2,8 - 2,-0.0515487093137711,-0.413454194290552,0.31035677566301
11,1,4,decrease,2,22,Cooney (2014) - 22,0.114553006994836,-0.249229444326426,0.47833545831609797,0.0344498478485301,1,2,2,2,11 - 1,1 - 2,2 - 2,0.114553006994836,-0.249229444326426,0.47833545831609797
11,1,4,decrease,2,23,Cooney (2014) - 23,-0.0139223032071028,-0.396660057459538,0.368815451045332,0.0381334788078577,1,3,2,2,11 - 1,1 - 2,3 - 2,-0.0139223032071028,-0.396660057459538,0.368815451045332
11,1,4,decrease,2,24,Cooney (2014) - 24,0.124995627821016,-0.281902174311587,0.531893429953618,0.0430997256793257,1,4,2,2,11 - 1,1 - 2,4 - 2,0.124995627821016,-0.281902174311587,0.531893429953618
11,1,4,decrease,2,25,Cooney (2014) - 25,0.14299875090151,-0.218475839243116,0.504473341046135,0.034014129896781,1,5,2,2,11 - 1,1 - 2,5 - 2,0.14299875090151,-0.218475839243116,0.504473341046135
11,1,4,decrease,2,26,Cooney (2014) - 26,0.0167086532100473,-0.36470182471275,0.39811913113284503,0.0378694551886439,1,6,2,2,11 - 1,1 - 2,6 - 2,0.0167086532100473,-0.36470182471275,0.39811913113284503
11,1,4,decrease,2,27,Cooney (2014) - 27,0.226822952700058,-0.125627155019229,0.579273060419345,0.0323369543263492,1,7,2,2,11 - 1,1 - 2,7 - 2,0.226822952700058,-0.125627155019229,0.579273060419345
11,1,4,decrease,2,28,Cooney (2014) - 28,0.25652803934087,-0.106694539551393,0.619750618233132,0.0343438906871601,1,8,2,2,11 - 1,1 - 2,8 - 2,0.25652803934087,-0.106694539551393,0.619750618233132
11,1,5,decrease,2,29,Cooney (2014) - 29,0.179418385865306,-0.184766562107675,0.543603333838288,0.0345261221116299,1,2,2,2,11 - 1,1 - 2,2 - 2,0.179418385865306,-0.184766562107675,0.543603333838288
11,1,5,decrease,2,30,Cooney (2014) - 30,0.239665495597292,-0.144412350256727,0.623743341451311,0.0384009821688544,1,3,2,2,11 - 1,1 - 2,3 - 2,0.239665495597292,-0.144412350256727,0.623743341451311
11,1,5,decrease,2,31,Cooney (2014) - 31,0.157485490803376,-0.249645163855895,0.564616145462646,0.0431490685440526,1,4,2,2,11 - 1,1 - 2,4 - 2,0.157485490803376,-0.249645163855895,0.564616145462646
11,1,5,decrease,2,32,Cooney (2014) - 32,0.236526701551534,-0.125683907297791,0.598737310400859,0.0341527870756382,1,5,2,2,11 - 1,1 - 2,5 - 2,0.236526701551534,-0.125683907297791,0.598737310400859
11,1,5,decrease,2,33,Cooney (2014) - 33,0.0836063489407962,-0.297960554576123,0.465173252457716,0.0379005239038805,1,6,2,2,11 - 1,1 - 2,6 - 2,0.0836063489407962,-0.297960554576123,0.465173252457716
11,1,5,decrease,2,34,Cooney (2014) - 34,0.372020182551429,0.0179055232009059,0.726134841901952,0.0326431175811169,1,7,2,2,11 - 1,1 - 2,7 - 2,0.372020182551429,0.0179055232009059,0.726134841901952
11,1,5,decrease,2,35,Cooney (2014) - 35,0.315724568301953,-0.0482025781507289,0.679651714754635,0.0344772582779529,1,8,2,2,11 - 1,1 - 2,8 - 2,0.315724568301953,-0.0482025781507289,0.679651714754635
13,1,1,decrease,1,1,da Silva (2016) - 1,-0.266142088587735,-0.611826309454946,0.0795421322794756,0.0311073438853051,1,2,1,1,13 - 1,1 - 1,2 - 1,-0.266142088587735,-0.611826309454946,0.0795421322794756
13,1,1,decrease,1,2,da Silva (2016) - 2,-1.27104820799892,-1.64440507266909,-0.897691343328743,0.0362870864697062,1,3,1,1,13 - 1,1 - 1,3 - 1,-1.27104820799892,-1.64440507266909,-0.897691343328743
13,1,2,decrease,1,3,da Silva (2016) - 3,-0.181676553216573,-0.526551485049502,0.163198378616356,0.0309618621878851,1,2,1,1,13 - 1,1 - 1,2 - 1,-0.181676553216573,-0.526551485049502,0.163198378616356
13,1,2,decrease,1,4,da Silva (2016) - 4,-0.32099549036541,-0.66385420692128,0.0218632261904608,0.03060090059669,1,3,1,1,13 - 1,1 - 1,3 - 1,-0.32099549036541,-0.66385420692128,0.0218632261904608
13,1,3,increase,1,5,da Silva (2016) - 5,-0.00755655586282456,-0.351724971589713,0.336611859864063,0.0308351342323,1,2,1,1,13 - 1,1 - 1,2 - 1,0.00755655586282456,-0.336611859864063,0.351724971589713
13,1,3,increase,1,6,da Silva (2016) - 6,0.140630344104358,-0.200470339760934,0.481731027969651,0.0302878885246899,1,3,1,1,13 - 1,1 - 1,3 - 1,-0.140630344104358,-0.481731027969651,0.200470339760934
13,1,4,increase,1,7,da Silva (2016) - 7,0.23613669260202,-0.109225302743838,0.581498687947878,0.0310493782171327,1,2,1,1,13 - 1,1 - 1,2 - 1,-0.23613669260202,-0.581498687947878,0.109225302743838
13,1,4,increase,1,8,da Silva (2016) - 8,0.169857916203197,-0.17143481913396,0.511150651540355,0.0303220043818853,1,3,1,1,13 - 1,1 - 1,3 - 1,-0.169857916203197,-0.511150651540355,0.17143481913396
13,1,5,increase,1,9,da Silva (2016) - 9,0.443511022510433,0.0951472815528283,0.791874763468038,0.0315914608690374,1,2,1,1,13 - 1,1 - 1,2 - 1,-0.443511022510433,-0.791874763468038,-0.0951472815528283
13,1,5,increase,1,10,da Silva (2016) - 10,0.175383384849975,-0.165949707934874,0.516716477634824,0.0303291758855866,1,3,1,1,13 - 1,1 - 1,3 - 1,-0.175383384849975,-0.516716477634824,0.165949707934874
14,1,1,decrease,2,1,Doebel et al. (2015) - 1,-0.254189348989396,-0.568131921933047,0.0597532239542541,0.0256569037198921,1,2,2,2,14 - 1,1 - 2,2 - 2,-0.254189348989396,-0.568131921933047,0.0597532239542541
14,1,1,decrease,2,2,Doebel et al. (2015) - 2,-0.359974978932068,-0.672364352879012,-0.0475856049851236,0.0254036618664912,1,3,2,2,14 - 1,1 - 2,3 - 2,-0.359974978932068,-0.672364352879012,-0.0475856049851236
14,1,1,decrease,2,3,Doebel et al. (2015) - 3,-0.16560106111232,-0.471843760457278,0.140641638232639,0.0244137957165815,1,4,2,2,14 - 1,1 - 2,4 - 2,-0.16560106111232,-0.471843760457278,0.140641638232639
14,1,1,decrease,2,4,Doebel et al. (2015) - 4,-0.0769708157621766,-0.389167743299364,0.23522611177501,0.025372371828796,1,5,2,2,14 - 1,1 - 2,5 - 2,-0.0769708157621766,-0.389167743299364,0.23522611177501
14,1,2,decrease,2,5,Doebel et al. (2015) - 5,-0.206504551351406,-0.520472269450686,0.107463166747875,0.0256610138516746,1,2,2,2,14 - 1,1 - 2,2 - 2,-0.206504551351406,-0.520472269450686,0.107463166747875
14,1,2,decrease,2,6,Doebel et al. (2015) - 6,-0.299311967984781,-0.611053550347902,0.0124296143783399,0.0252984136262854,1,3,2,2,14 - 1,1 - 2,3 - 2,-0.299311967984781,-0.611053550347902,0.0124296143783399
14,1,2,decrease,2,7,Doebel et al. (2015) - 7,-0.216747465945403,-0.523290635770059,0.0897957038792536,0.0244617264826409,1,4,2,2,14 - 1,1 - 2,4 - 2,-0.216747465945403,-0.523290635770059,0.0897957038792536
14,1,2,decrease,2,8,Doebel et al. (2015) - 8,-0.0996892229195933,-0.411952878075689,0.212574432236502,0.0253832189495723,1,5,2,2,14 - 1,1 - 2,5 - 2,-0.0996892229195933,-0.411952878075689,0.212574432236502
14,1,3,decrease,2,9,Doebel et al. (2015) - 9,0.0848210518913425,-0.228160250960159,0.397802354742843,0.0255000249923082,1,2,2,2,14 - 1,1 - 2,2 - 2,0.0848210518913425,-0.228160250960159,0.397802354742843
14,1,3,decrease,2,10,Doebel et al. (2015) - 10,-0.106165321841513,-0.416634489199918,0.204303845516892,0.0250923173667664,1,3,2,2,14 - 1,1 - 2,3 - 2,-0.106165321841513,-0.416634489199918,0.204303845516892
14,1,3,decrease,2,11,Doebel et al. (2015) - 11,0.102525534617614,-0.203750211935861,0.408801281171089,0.0244190650753712,1,4,2,2,14 - 1,1 - 2,4 - 2,0.102525534617614,-0.203750211935861,0.408801281171089
14,1,3,decrease,2,12,Doebel et al. (2015) - 12,0.0614188183715857,-0.250742320091149,0.37357995683432,0.0253665549768259,1,5,2,2,14 - 1,1 - 2,5 - 2,0.0614188183715857,-0.250742320091149,0.37357995683432
14,1,4,decrease,2,13,Doebel et al. (2015) - 13,-0.119639034863037,-0.433130249851499,0.193852180125426,0.0255831824476474,1,2,2,2,14 - 1,1 - 2,2 - 2,-0.119639034863037,-0.433130249851499,0.193852180125426
14,1,4,decrease,2,14,Doebel et al. (2015) - 14,-0.106999510062871,-0.417471572375476,0.203472552249735,0.0250927853130611,1,3,2,2,14 - 1,1 - 2,3 - 2,-0.106999510062871,-0.417471572375476,0.203472552249735
14,1,4,decrease,2,15,Doebel et al. (2015) - 15,-0.0574020633776653,-0.363273622769466,0.248469496014136,0.0243546567103033,1,4,2,2,14 - 1,1 - 2,4 - 2,-0.0574020633776653,-0.363273622769466,0.248469496014136
14,1,4,decrease,2,16,Doebel et al. (2015) - 16,0.0751803894860004,-0.236638678686491,0.386999457658491,0.0253109914265309,1,5,2,2,14 - 1,1 - 2,5 - 2,0.0751803894860004,-0.236638678686491,0.386999457658491
14,1,5,decrease,2,17,Doebel et al. (2015) - 17,-0.333951584666214,-0.725700228680974,0.0577970593485453,0.0399501874810342,1,2,2,2,14 - 1,1 - 2,2 - 2,-0.333951584666214,-0.725700228680974,0.0577970593485453
14,1,5,decrease,2,18,Doebel et al. (2015) - 18,-0.326201529075325,-0.714909361560367,0.0625063034097178,0.0393323958651517,1,3,2,2,14 - 1,1 - 2,3 - 2,-0.326201529075325,-0.714909361560367,0.0625063034097178
14,1,5,decrease,2,19,Doebel et al. (2015) - 19,-0.198960802432638,-0.582084934718486,0.18416332985321,0.0382105100148545,1,4,2,2,14 - 1,1 - 2,4 - 2,-0.198960802432638,-0.582084934718486,0.18416332985321
14,1,5,decrease,2,20,Doebel et al. (2015) - 20,-0.112134339092467,-0.499399555424892,0.275130877239959,0.0390409880155635,1,5,2,2,14 - 1,1 - 2,5 - 2,-0.112134339092467,-0.499399555424892,0.275130877239959
14,1,6,decrease,2,21,Doebel et al. (2015) - 21,-0.399997097868924,-0.792526760544142,-0.0074674351937063,0.0401096414856477,1,2,2,2,14 - 1,1 - 2,2 - 2,-0.399997097868924,-0.792526760544142,-0.0074674351937063
14,1,6,decrease,2,22,Doebel et al. (2015) - 22,-0.522408504167573,-0.913663103747875,-0.131153904587272,0.0398494865721564,1,3,2,2,14 - 1,1 - 2,3 - 2,-0.522408504167573,-0.913663103747875,-0.131153904587272
14,1,6,decrease,2,23,Doebel et al. (2015) - 23,-0.307007977943684,-0.691144947248807,0.07712899136144,0.0384128056747624,1,4,2,2,14 - 1,1 - 2,4 - 2,-0.307007977943684,-0.691144947248807,0.07712899136144
14,1,6,decrease,2,24,Doebel et al. (2015) - 24,-0.161434718328871,-0.549517333053515,0.22664789639577201,0.0392059691074086,1,5,2,2,14 - 1,1 - 2,5 - 2,-0.161434718328871,-0.549517333053515,0.22664789639577201
23,1,1,decrease,3,3,Loy et al. (2016) - 3,0.666035615970165,0.256615250532777,1.07545598140755,0.0436357757453707,1,1,1,3,23 - 1,1 - 3,1 - 1,0.666035615970165,0.256615250532777,1.07545598140755
23,1,1,decrease,3,4,Loy et al. (2016) - 4,1.23314555148822,0.732693457238104,1.73359764573834,0.0651971842806517,2,2,1,3,23 - 1,2 - 3,2 - 1,1.23314555148822,0.732693457238104,1.73359764573834
25,1,1,decrease,2,1,Novotná (2019) - 1,-0.345001929641946,-0.87005171185552,0.180047852571629,0.0717636936044804,1,2,2,2,25 - 1,1 - 2,2 - 2,-0.345001929641946,-0.87005171185552,0.180047852571629
25,1,1,decrease,2,2,Novotná (2019) - 2,-0.30349536967723,-0.831658489558105,0.224667750203644,0.0726172775039389,1,3,2,2,25 - 1,1 - 2,3 - 2,-0.30349536967723,-0.831658489558105,0.224667750203644
25,1,2,decrease,2,3,Novotná (2019) - 3,-0.416096892454672,-0.942880176848625,0.11068639193928,0.0722383452926713,1,2,2,2,25 - 1,1 - 2,2 - 2,-0.416096892454672,-0.942880176848625,0.11068639193928
25,1,2,decrease,2,4,Novotná (2019) - 4,-0.54707823715655,-1.08192631929203,-0.0122301550210696,0.0744671449874639,1,3,2,2,25 - 1,1 - 2,3 - 2,-0.54707823715655,-1.08192631929203,-0.0122301550210696
25,1,3,decrease,2,5,Novotná (2019) - 5,0.0869791674147582,-0.434481639520333,0.60843997434985,0.0707859659212128,1,2,2,2,25 - 1,1 - 2,2 - 2,0.0869791674147582,-0.434481639520333,0.60843997434985
25,1,3,decrease,2,6,Novotná (2019) - 6,-0.147316681592103,-0.673188720971559,0.378555357787352,0.0719886414794728,1,3,2,2,25 - 1,1 - 2,3 - 2,-0.147316681592103,-0.673188720971559,0.378555357787352
25,1,4,decrease,2,7,Novotná (2019) - 7,-0.110462278135335,-0.632072871076532,0.411148314805861,0.0708266373188153,1,2,2,2,25 - 1,1 - 2,2 - 2,-0.110462278135335,-0.632072871076532,0.411148314805861
25,1,4,decrease,2,8,Novotná (2019) - 8,-0.212149739166871,-0.738781246446332,0.31448176811259,0.0721967245790555,1,3,2,2,25 - 1,1 - 2,3 - 2,-0.212149739166871,-0.738781246446332,0.31448176811259
25,1,5,decrease,2,9,Novotná (2019) - 9,-0.175048065125269,-0.697253944502046,0.347157814251507,0.0709883909171772,1,2,2,2,25 - 1,1 - 2,2 - 2,-0.175048065125269,-0.697253944502046,0.347157814251507
25,1,5,decrease,2,10,Novotná (2019) - 10,-0.247211720112949,-0.774367450582535,0.279944010356638,0.0723405292463111,1,3,2,2,25 - 1,1 - 2,3 - 2,-0.247211720112949,-0.774367450582535,0.279944010356638
25,1,6,decrease,2,11,Novotná (2019) - 11,-0.173817067555759,-0.696009090861499,0.348374955749981,0.0709846237932261,1,2,2,2,25 - 1,1 - 2,2 - 2,-0.173817067555759,-0.696009090861499,0.348374955749981
25,1,6,decrease,2,12,Novotná (2019) - 12,0.130773669349238,-0.394948321910174,0.656495660608649,0.0719475660144706,1,3,2,2,25 - 1,1 - 2,3 - 2,0.130773669349238,-0.394948321910174,0.656495660608649
25,1,7,decrease,2,13,Novotná (2019) - 13,-0.297806455261741,-0.821881818071881,0.226268907548399,0.0714975738969268,1,2,2,2,25 - 1,1 - 2,2 - 2,-0.297806455261741,-0.821881818071881,0.226268907548399
25,1,7,decrease,2,14,Novotná (2019) - 14,-0.0962272263690572,-0.621693342172791,0.429238889434676,0.0718775475010743,1,3,2,2,25 - 1,1 - 2,3 - 2,-0.0962272263690572,-0.621693342172791,0.429238889434676
25,1,8,decrease,2,15,Novotná (2019) - 15,0.381020647107986,-0.144867614872823,0.906908909088795,0.0719930830962867,1,2,2,2,25 - 1,1 - 2,2 - 2,0.381020647107986,-0.144867614872823,0.906908909088795
25,1,8,decrease,2,16,Novotná (2019) - 16,0.646226466646875,0.107598121966172,1.18485481132758,0.075523520421612,1,3,2,2,25 - 1,1 - 2,3 - 2,0.646226466646875,0.107598121966172,1.18485481132758
26,1,1,decrease,1,1,Palomo-Vélez et al. (2018) - 1,-0.492300756173319,-0.813031626974512,-0.171569885372126,0.0267784444104243,1,2,1,1,26 - 1,1 - 1,2 - 1,-0.492300756173319,-0.813031626974512,-0.171569885372126
26,1,1,decrease,1,2,Palomo-Vélez et al. (2018) - 2,-0.0165708591274957,-0.33255968292734,0.299417964672349,0.0259924527183574,1,3,1,1,26 - 1,1 - 1,3 - 1,-0.0165708591274957,-0.33255968292734,0.299417964672349
26,1,1,decrease,1,3,Palomo-Vélez et al. (2018) - 3,-0.313398006048861,-0.634356421996883,0.00756040989916046,0.0268164542628754,1,4,1,1,26 - 1,1 - 1,4 - 1,-0.313398006048861,-0.634356421996883,0.00756040989916046
26,2,1,decrease,1,4,Palomo-Vélez et al. (2018) - 4,-0.200933770941575,-0.517114247430642,0.115246705547492,0.0260239920246729,1,2,1,1,26 - 2,1 - 1,2 - 1,-0.200933770941575,-0.517114247430642,0.115246705547492
26,2,1,decrease,1,5,Palomo-Vélez et al. (2018) - 5,-0.0841533803245807,-0.400837733470878,0.232530972821716,0.0261070036693943,1,3,1,1,26 - 2,1 - 1,3 - 1,-0.0841533803245807,-0.400837733470878,0.232530972821716
26,2,1,decrease,1,6,Palomo-Vélez et al. (2018) - 6,-0.173603546304648,-0.483172065896196,0.135964973286899,0.0249469466666796,1,4,1,1,26 - 2,1 - 1,4 - 1,-0.173603546304648,-0.483172065896196,0.135964973286899
26,2,1,decrease,1,7,Palomo-Vélez et al. (2018) - 7,-0.0154522812318202,-0.326481248973247,0.295576686509607,0.0251828857967082,1,5,1,1,26 - 2,1 - 1,5 - 1,-0.0154522812318202,-0.326481248973247,0.295576686509607
26,3,1,decrease,1,8,Palomo-Vélez et al. (2018) - 8,-0.22243808232607,-0.460858907821872,0.0159827431697321,0.0147976309739091,1,2,1,1,26 - 3,1 - 1,2 - 1,-0.22243808232607,-0.460858907821872,0.0159827431697321
26,3,1,decrease,1,9,Palomo-Vélez et al. (2018) - 9,-0.250731671676273,-0.490226391101758,-0.0112369522507886,0.0149312340207066,1,3,1,1,26 - 3,1 - 1,3 - 1,-0.250731671676273,-0.490226391101758,-0.0112369522507886
31,2,1,increase,1,1,Sparkman & Walton (2017) - 1,0.161164757346683,-0.120243070157549,0.442572584850914,0.0206146594502195,1,2,1,1,31 - 2,1 - 1,2 - 1,-0.161164757346683,-0.442572584850914,0.120243070157549
31,2,1,increase,1,2,Sparkman & Walton (2017) - 2,-0.168926582529839,-0.450379323002209,0.112526157942532,0.0206212402154799,1,3,1,1,31 - 2,1 - 1,3 - 1,0.168926582529839,-0.112526157942532,0.450379323002209
31,4,1,decrease,1,3,Sparkman & Walton (2017) - 3,-0.363420626985364,-0.712662192863266,-0.0141790611074619,0.0317508730484868,1,2,1,1,31 - 4,1 - 1,2 - 1,-0.363420626985364,-0.712662192863266,-0.0141790611074619
31,4,1,decrease,1,4,Sparkman & Walton (2017) - 4,0.143400236523102,-0.2474778224937,0.534278295539903,0.0397728217722076,1,3,1,1,31 - 4,1 - 1,3 - 1,0.143400236523102,-0.2474778224937,0.534278295539903
33,1,1,decrease,1,1,Tian et al. (2016) - 1,-0.171141907126543,-0.527415402055365,0.185131587802279,0.0330423438369338,1,2,1,1,33 - 1,1 - 1,2 - 1,-0.171141907126543,-0.527415402055365,0.185131587802279
33,1,1,decrease,1,2,Tian et al. (2016) - 2,-0.289738603076676,-0.624565219722719,0.0450880135693661,0.0291839294516708,3,4,1,1,33 - 1,3 - 1,4 - 1,-0.289738603076676,-0.624565219722719,0.0450880135693661
33,2,1,decrease,1,3,Tian et al. (2016) - 3,0.0156639697849156,-0.303869603834638,0.33519754340447,0.0265788882390346,1,2,1,1,33 - 2,1 - 1,2 - 1,0.0156639697849156,-0.303869603834638,0.33519754340447
33,2,1,decrease,1,4,Tian et al. (2016) - 4,0.0599300931874926,-0.316479500922664,0.43633968729765,0.0368829106731312,3,4,1,1,33 - 2,3 - 1,4 - 1,0.0599300931874926,-0.316479500922664,0.43633968729765
